sub_type,waste_type,co2e_saved_kg_per_kg,factor_basis,is_proxy,source,source_url,notes
cotton_scrap,textile,1.349,Mechanical recycling of cotton vs virgin cotton fibre,False,Cotton Incorporated 2026 LCA of US cotton fibre (1.45 kgCO2e/kg fossil) x Recover(TM) verified LCA (93% lower CO2 vs conventional cotton),https://cottonworks.com/cotton-sustainability/life-cycle-assessment-of-cotton/ ; https://recoverfiber.com/sustainability/impact-calculator-methodology,"US cotton benchmark; Indian cotton is likely more carbon-intensive, so this is conservative"
polyester_waste,textile,1.246,EPA WARM factor for PET (polyester fibre is PET),True,"US EPA WARM, Recycling chapter, Exhibit 2",https://archive.epa.gov/epawaste/conserve/tools/warm/pdfs/Recycling.pdf,Resin-level factor applied to polyester fibre
fabric_offcuts,textile,1.297,Average of cotton and polyester factors (mixed fabric),True,Derived from the cotton_scrap and polyester_waste rows,,Assumes roughly 50/50 cotton-polyester blend
textile_fiber,textile,1.297,Average of cotton and polyester factors (mixed fibre),True,Derived from the cotton_scrap and polyester_waste rows,,Assumes roughly 50/50 cotton-polyester blend
HDPE_film,plastic,0.97,EPA WARM: HDPE,False,"US EPA WARM, Recycling chapter, Exhibit 2",https://archive.epa.gov/epawaste/conserve/tools/warm/pdfs/Recycling.pdf,
LDPE_plastic,plastic,1.135,EPA WARM: Mixed Plastics (no LDPE recycling factor in this WARM version),True,"US EPA WARM, Recycling chapter, Exhibit 2",https://archive.epa.gov/epawaste/conserve/tools/warm/pdfs/Recycling.pdf,WARM lists LDPE recycling as NA; mixed-plastics factor used
PP_waste,plastic,1.135,EPA WARM: Mixed Plastics (no PP factor in this WARM version),True,"US EPA WARM, Recycling chapter, Exhibit 2",https://archive.epa.gov/epawaste/conserve/tools/warm/pdfs/Recycling.pdf,
PET_bottles,plastic,1.246,EPA WARM: PET,False,"US EPA WARM, Recycling chapter, Exhibit 2",https://archive.epa.gov/epawaste/conserve/tools/warm/pdfs/Recycling.pdf,
concrete_debris,construction,0.011,EPA WARM: Concrete (crushed to aggregate),False,"US EPA WARM, Recycling chapter, Exhibit 2",https://archive.epa.gov/epawaste/conserve/tools/warm/pdfs/Recycling.pdf,Very small CO2 saving - main benefit is landfill space and avoided quarrying
brick_rubble,construction,0.011,EPA WARM: Concrete used as proxy (brick crushed to aggregate),True,"US EPA WARM, Recycling chapter, Exhibit 2",https://archive.epa.gov/epawaste/conserve/tools/warm/pdfs/Recycling.pdf,WARM has no clay-brick recycling factor
wood_waste,construction,2.712,EPA WARM: Dimensional Lumber,False,"US EPA WARM, Recycling chapter, Exhibit 2",https://archive.epa.gov/epawaste/conserve/tools/warm/pdfs/Recycling.pdf,
steel_scrap,construction,1.995,EPA WARM: Steel Cans (closest steel factor),True,"US EPA WARM, Recycling chapter, Exhibit 2",https://archive.epa.gov/epawaste/conserve/tools/warm/pdfs/Recycling.pdf,Can-grade steel factor applied to structural steel scrap
circuit_boards,e_waste,2.767,EPA WARM: Personal Computers (closest electronics factor),True,"US EPA WARM, Recycling chapter, Exhibit 2",https://archive.epa.gov/epawaste/conserve/tools/warm/pdfs/Recycling.pdf,Whole-device factor; PCB precious-metal recovery likely saves more
metal_components,e_waste,1.995,EPA WARM: Steel Cans (conservative for mixed metals),True,"US EPA WARM, Recycling chapter, Exhibit 2",https://archive.epa.gov/epawaste/conserve/tools/warm/pdfs/Recycling.pdf,Conservative - copper/aluminium content would raise savings
cable_scrap,e_waste,5.203,EPA WARM: Copper Wire,False,"US EPA WARM, Recycling chapter, Exhibit 2",https://archive.epa.gov/epawaste/conserve/tools/warm/pdfs/Recycling.pdf,
electronic_components,e_waste,2.767,EPA WARM: Personal Computers (closest electronics factor),True,"US EPA WARM, Recycling chapter, Exhibit 2",https://archive.epa.gov/epawaste/conserve/tools/warm/pdfs/Recycling.pdf,
paper,paper,3.891,EPA WARM: Mixed Paper (general),True,"US EPA WARM, Recycling chapter, Exhibit 2",https://archive.epa.gov/epawaste/conserve/tools/warm/pdfs/Recycling.pdf,"WARM v13 (2015) -3.53 MTCO2E/short ton; 3.06 of it is US forest-carbon storage credit, so treated as a proxy outside the US"
cardboard,paper,3.439,EPA WARM: Corrugated Containers,True,"US EPA WARM, Recycling chapter, Exhibit 2",https://archive.epa.gov/epawaste/conserve/tools/warm/pdfs/Recycling.pdf,"WARM v13 (2015) -3.12 MTCO2E/short ton, 3.06 of it forest-carbon credit; photo class is partly beverage cartons (laminated), so proxy"
glass,glass,0.309,EPA WARM: Glass,False,"US EPA WARM, Recycling chapter, Exhibit 2",https://archive.epa.gov/epawaste/conserve/tools/warm/pdfs/Recycling.pdf,"WARM v13 (2015) -0.28 MTCO2E/short ton (container glass, closed loop)"
metal,metal,4.828,EPA WARM: Mixed Metals,True,"US EPA WARM, Recycling chapter, Exhibit 2",https://archive.epa.gov/epawaste/conserve/tools/warm/pdfs/Recycling.pdf,WARM v13 (2015) -4.38 MTCO2E/short ton; US aluminium/steel recovery mix applied to mixed metal scrap
biological,biological,0.165,EPA WARM: Food Waste composting (net),True,"US EPA WARM, Composting chapter, Exhibit 1",https://archive.epa.gov/epawaste/conserve/tools/warm/pdfs/Composting.pdf,"WARM v13 (2015) -0.15 MTCO2E/short ton = transport 0.04 + fugitive CH4/N2O 0.05 - soil carbon storage 0.24; US windrow composting and US soils, so proxy. Composting net factor only - does NOT include avoided landfill methane, so it understates the benefit of diverting food waste from a dump"
