recycler_id,address,area,phone,email,website,is_sample_profile,profile_note
1,"Unit 12 (sample), Hosur Road, Adugodi, Bengaluru, Karnataka 560030",Adugodi,+91 80 0000 0101,contact@bengaluru-textile-recyclers.example,https://bengaluru-textile-recyclers.example,True,Sample profile created for the MaterialMatch demo. Not a verified partner.
2,"Plot 7 (sample), Jigani Industrial Area, Bengaluru, Karnataka 562106",Jigani Industrial Area,+91 80 0000 0102,contact@jigani-plastic-solutions.example,https://jigani-plastic-solutions.example,True,Sample profile created for the MaterialMatch demo. Not a verified partner.
3,"Yard 3 (sample), Wilson Garden, Bengaluru, Karnataka 560027",Wilson Garden,+91 80 0000 0103,contact@bengaluru-cd-recyclers.example,https://bengaluru-cd-recyclers.example,True,Sample profile created for the MaterialMatch demo. Not a verified partner.
4,"Unit 4 (sample), Central Business District, Bengaluru, Karnataka 560001",Central Bengaluru,+91 80 0000 0104,contact@ewaste-bengaluru.example,https://ewaste-bengaluru.example,True,Sample profile created for the MaterialMatch demo. Not a verified partner.
5,"Plot 21 (sample), KIADB Industrial Area, Bengaluru, Karnataka 560058",KIADB Industrial Area,+91 80 0000 0105,contact@multi-waste-solutions.example,https://multi-waste-solutions.example,True,Sample profile created for the MaterialMatch demo. Not a verified partner.
6,"Shed 9 (sample), Peenya 2nd Stage, Bengaluru, Karnataka 560058",Peenya Industrial Area,+91 80 0000 0106,contact@peenya-paper-recovery.example,https://peenya-paper-recovery.example,True,Sample profile created for the MaterialMatch demo. Not a verified partner.
7,"Plot 14 (sample), Bommasandra Industrial Area, Bengaluru, Karnataka 560099",Bommasandra Industrial Area,+91 80 0000 0107,contact@bommasandra-glass-cullet.example,https://bommasandra-glass-cullet.example,True,Sample profile created for the MaterialMatch demo. Not a verified partner.
8,"Yard 5 (sample), Mysore Road, Bengaluru, Karnataka 560026",Mysore Road,+91 80 0000 0108,contact@mysore-road-metal-recyclers.example,https://mysore-road-metal-recyclers.example,True,Sample profile created for the MaterialMatch demo. Not a verified partner.
9,"Site 2 (sample), Yelahanka New Town, Bengaluru, Karnataka 560064",Yelahanka,+91 80 0000 0109,contact@yelahanka-organics.example,https://yelahanka-organics.example,True,Sample profile created for the MaterialMatch demo. Not a verified partner.
10,"Unit 8 (sample), EPIP Zone, Whitefield, Bengaluru, Karnataka 560066",Whitefield,+91 80 0000 0110,contact@whitefield-dry-waste.example,https://whitefield-dry-waste.example,True,Sample profile created for the MaterialMatch demo. Not a verified partner.
